{"cameraMode":{"drawMode":0,"name":"Shaded","section":"Shading Mode"},"sceneLighting":false,"audioPlay":false,"sceneViewState":{"showFog":true,"showMaterialUpdate":false,"showSkybox":false,"showFlares":true,"showImageEffects":true,"showParticleSystems":true},"in2DMode":false,"pivot":{"x":-0.32363617420196535,"y":1.2305091619491578,"z":0.35936570167541506},"rotation":{"x":-0.1381176859140396,"y":0.3070904016494751,"z":-0.04509684816002846,"w":-0.9405242204666138},"size":1.7074239253997803,"orthographic":false}