{"cameraMode":{"drawMode":0,"name":"Shaded","section":"Shading Mode"},"sceneLighting":false,"audioPlay":false,"sceneViewState":{"showFog":true,"showMaterialUpdate":false,"showSkybox":false,"showFlares":true,"showImageEffects":true,"showParticleSystems":true},"in2DMode":false,"pivot":{"x":-1.2030339241027833,"y":2.118990421295166,"z":0.03211268037557602},"rotation":{"x":0.09224337339401245,"y":0.708661675453186,"z":-0.09431402385234833,"w":0.6931051015853882},"size":1.1641781330108643,"orthographic":false}