{"cameraMode":{"drawMode":0,"name":"Shaded","section":"Shading Mode"},"sceneLighting":false,"audioPlay":false,"sceneViewState":{"showFog":true,"showMaterialUpdate":false,"showSkybox":false,"showFlares":true,"showImageEffects":true,"showParticleSystems":true},"in2DMode":false,"pivot":{"x":-1.9939422607421876,"y":-207.09341430664063,"z":1082.026123046875},"rotation":{"x":-0.22338078916072846,"y":0.3320733606815338,"z":-0.08126536011695862,"w":-0.9128150939941406},"size":364.1246337890625,"orthographic":true}