{"cameraMode":{"drawMode":0,"name":"Shaded","section":"Shading Mode"},"sceneLighting":false,"audioPlay":false,"sceneViewState":{"showFog":true,"showMaterialUpdate":false,"showSkybox":false,"showFlares":true,"showImageEffects":true,"showParticleSystems":true},"in2DMode":false,"pivot":{"x":-0.02886509895324707,"y":3.740863561630249,"z":-3.0382256507873537},"rotation":{"x":0.02765117958188057,"y":0.8965662121772766,"z":-0.4384210705757141,"w":0.05654575675725937},"size":7.614662170410156,"orthographic":false}