{"cameraMode":{"drawMode":0,"name":"Shaded","section":"Shading Mode"},"sceneLighting":true,"audioPlay":false,"sceneViewState":{"showFog":true,"showMaterialUpdate":false,"showSkybox":true,"showFlares":true,"showImageEffects":true,"showParticleSystems":true},"in2DMode":false,"pivot":{"x":6.255709648132324,"y":0.11258363723754883,"z":1081.28369140625},"rotation":{"x":0.4122721552848816,"y":0.26431804895401,"z":-0.12631645798683167,"w":0.8626800179481506},"size":2.2364978790283205,"orthographic":false}