{"cameraMode":{"drawMode":0,"name":"Shaded","section":"Shading Mode"},"sceneLighting":false,"audioPlay":false,"sceneViewState":{"showFog":true,"showMaterialUpdate":false,"showSkybox":false,"showFlares":true,"showImageEffects":true,"showParticleSystems":true},"in2DMode":false,"pivot":{"x":0.20583316683769227,"y":0.18978601694107057,"z":1.6984426975250245},"rotation":{"x":0.48052701354026797,"y":0.09203050285577774,"z":-0.05079188197851181,"w":0.8706604838371277},"size":0.4755842089653015,"orthographic":false}