{"cameraMode":{"drawMode":0,"name":"Shaded","section":"Shading Mode"},"sceneLighting":false,"audioPlay":false,"sceneViewState":{"showFog":true,"showMaterialUpdate":false,"showSkybox":false,"showFlares":true,"showImageEffects":true,"showParticleSystems":true},"in2DMode":false,"pivot":{"x":-0.0728563666343689,"y":1.1277470588684083,"z":-0.3344001770019531},"rotation":{"x":0.3498679995536804,"y":0.0802476704120636,"z":-0.030095601454377176,"w":0.9328726530075073},"size":0.45605289936065676,"orthographic":false}