{"cameraMode":{"drawMode":0,"name":"Shaded","section":"Shading Mode"},"sceneLighting":false,"audioPlay":false,"sceneViewState":{"showFog":true,"showMaterialUpdate":false,"showSkybox":false,"showFlares":true,"showImageEffects":true,"showParticleSystems":true},"in2DMode":false,"pivot":{"x":2.132453203201294,"y":0.37046289443969729,"z":3.8271050453186037},"rotation":{"x":0.48052701354026797,"y":0.09203050285577774,"z":-0.05079188197851181,"w":0.8706604838371277},"size":1.0597282648086548,"orthographic":false}