{"cameraMode":{"drawMode":0,"name":"Shaded","section":"Shading Mode"},"sceneLighting":false,"audioPlay":false,"sceneViewState":{"showFog":true,"showMaterialUpdate":false,"showSkybox":false,"showFlares":true,"showImageEffects":true,"showParticleSystems":true},"in2DMode":false,"pivot":{"x":2.480823516845703,"y":2.389134407043457,"z":0.7314620614051819},"rotation":{"x":0.02765117958188057,"y":0.8965662121772766,"z":-0.4384210705757141,"w":0.05654575675725937},"size":2.726734161376953,"orthographic":false}