{"cameraMode":{"drawMode":0,"name":"Shaded","section":"Shading Mode"},"sceneLighting":false,"audioPlay":false,"sceneViewState":{"showFog":true,"showMaterialUpdate":false,"showSkybox":false,"showFlares":true,"showImageEffects":true,"showParticleSystems":true},"in2DMode":false,"pivot":{"x":3.2863001823425295,"y":1.5905113220214844,"z":-1.781836986541748},"rotation":{"x":-0.1192966103553772,"y":0.8807008862495422,"z":-0.3257884681224823,"w":-0.32249337434768679},"size":5.900764465332031,"orthographic":false}