{"cameraMode":{"drawMode":0,"name":"Shaded","section":"Shading Mode"},"sceneLighting":false,"audioPlay":false,"sceneViewState":{"showFog":true,"showMaterialUpdate":false,"showSkybox":false,"showFlares":true,"showImageEffects":true,"showParticleSystems":true},"in2DMode":false,"pivot":{"x":274.5414123535156,"y":189.74615478515626,"z":53.6988525390625},"rotation":{"x":-0.04911021888256073,"y":0.0497298389673233,"z":0.0024489930365234615,"w":0.9975541830062866},"size":200.00167846679688,"orthographic":true}