{"cameraMode":{"drawMode":0,"name":"Shaded","section":"Shading Mode"},"sceneLighting":true,"audioPlay":false,"sceneViewState":{"showFog":true,"showMaterialUpdate":false,"showSkybox":true,"showFlares":true,"showImageEffects":true,"showParticleSystems":true},"in2DMode":false,"pivot":{"x":463.09063720703127,"y":35.228431701660159,"z":0.0},"rotation":{"x":0.018296921625733377,"y":0.034797828644514087,"z":-0.0006362955318763852,"w":0.999228835105896},"size":222.85435485839845,"orthographic":true}