{"cameraMode":{"drawMode":0,"name":"Shaded","section":"Shading Mode"},"sceneLighting":false,"audioPlay":false,"sceneViewState":{"showFog":true,"showMaterialUpdate":false,"showSkybox":false,"showFlares":true,"showImageEffects":true,"showParticleSystems":true},"in2DMode":false,"pivot":{"x":-5.025864601135254,"y":0.1773797869682312,"z":1.7555484771728516},"rotation":{"x":0.48052701354026797,"y":0.09203050285577774,"z":-0.05079188197851181,"w":0.8706604838371277},"size":0.4406573474407196,"orthographic":false}