{"cameraMode":{"drawMode":0,"name":"Shaded","section":"Shading Mode"},"sceneLighting":true,"audioPlay":false,"sceneViewState":{"showFog":true,"showMaterialUpdate":false,"showSkybox":true,"showFlares":true,"showImageEffects":true,"showParticleSystems":true},"in2DMode":false,"pivot":{"x":-0.8250503540039063,"y":2.8901002407073976,"z":-3.2892589569091799},"rotation":{"x":-0.06869355589151383,"y":0.5317804217338562,"z":-0.0433342382311821,"w":-0.8429820537567139},"size":9.550000190734864,"orthographic":false}