{"cameraMode":{"drawMode":0,"name":"Shaded","section":"Shading Mode"},"sceneLighting":false,"audioPlay":false,"sceneViewState":{"showFog":true,"showMaterialUpdate":false,"showSkybox":false,"showFlares":true,"showImageEffects":true,"showParticleSystems":true},"in2DMode":false,"pivot":{"x":-1.032142162322998,"y":2.3737106323242189,"z":0.2724825143814087},"rotation":{"x":0.09664148092269898,"y":0.9027262330055237,"z":-0.2780684232711792,"w":0.3137373924255371},"size":0.35041218996047976,"orthographic":false}