{"cameraMode":{"drawMode":0,"name":"Shaded","section":"Shading Mode"},"sceneLighting":true,"audioPlay":false,"sceneViewState":{"showFog":true,"showMaterialUpdate":false,"showSkybox":true,"showFlares":true,"showImageEffects":true,"showParticleSystems":true},"in2DMode":false,"pivot":{"x":-1027.299560546875,"y":3.54750657081604,"z":1080.4168701171875},"rotation":{"x":-0.2606770694255829,"y":-0.11924660950899124,"z":0.03246525302529335,"w":-0.9574853181838989},"size":3.191333055496216,"orthographic":false}