{"cameraMode":{"drawMode":0,"name":"Shaded","section":"Shading Mode"},"sceneLighting":false,"audioPlay":false,"sceneViewState":{"showFog":true,"showMaterialUpdate":false,"showSkybox":false,"showFlares":true,"showImageEffects":true,"showParticleSystems":true},"in2DMode":false,"pivot":{"x":0.10005474090576172,"y":-0.04322952777147293,"z":-0.11580464243888855},"rotation":{"x":0.48052701354026797,"y":0.09203050285577774,"z":-0.05079188197851181,"w":0.8706604838371277},"size":0.5868669152259827,"orthographic":false}