{"cameraMode":{"drawMode":0,"name":"Shaded","section":"Shading Mode"},"sceneLighting":false,"audioPlay":false,"sceneViewState":{"showFog":true,"showMaterialUpdate":false,"showSkybox":false,"showFlares":true,"showImageEffects":true,"showParticleSystems":true},"in2DMode":false,"pivot":{"x":-62.583412170410159,"y":139.85946655273438,"z":235.2760467529297},"rotation":{"x":-0.2509511113166809,"y":0.6063002943992615,"z":-0.20991769433021546,"w":-0.7248165607452393},"size":8.885428428649903,"orthographic":false}