{"cameraMode":{"drawMode":0,"name":"Shaded","section":"Shading Mode"},"sceneLighting":false,"audioPlay":false,"sceneViewState":{"showFog":true,"showMaterialUpdate":false,"showSkybox":false,"showFlares":true,"showImageEffects":true,"showParticleSystems":true},"in2DMode":false,"pivot":{"x":-11.105524063110352,"y":7.838998794555664,"z":28.82465362548828},"rotation":{"x":-0.25748366117477419,"y":0.6791549324989319,"z":-0.2782253921031952,"w":-0.628524124622345},"size":20.801118850708009,"orthographic":false}