{"cameraMode":{"drawMode":0,"name":"Shaded","section":"Shading Mode"},"sceneLighting":true,"audioPlay":false,"sceneViewState":{"showFog":true,"showMaterialUpdate":false,"showSkybox":true,"showFlares":true,"showImageEffects":true,"showParticleSystems":true},"in2DMode":false,"pivot":{"x":1999.97119140625,"y":3.740863561630249,"z":1016.9617309570313},"rotation":{"x":-0.1873132288455963,"y":0.19510048627853394,"z":-0.037989143282175067,"w":-0.9619809985160828},"size":7.614689826965332,"orthographic":false}