{"cameraMode":{"drawMode":0,"name":"Shaded","section":"Shading Mode"},"sceneLighting":false,"audioPlay":false,"sceneViewState":{"showFog":true,"showMaterialUpdate":false,"showSkybox":false,"showFlares":true,"showImageEffects":true,"showParticleSystems":true},"in2DMode":false,"pivot":{"x":-31.495412826538087,"y":3.750000476837158,"z":-4.76837158203125e-7},"rotation":{"x":-0.2509511113166809,"y":0.6063002943992615,"z":-0.20991769433021546,"w":-0.7248165607452393},"size":8.160375595092774,"orthographic":false}