{"cameraMode":{"drawMode":0,"name":"Shaded","section":"Shading Mode"},"sceneLighting":false,"audioPlay":false,"sceneViewState":{"showFog":true,"showMaterialUpdate":false,"showSkybox":false,"showFlares":true,"showImageEffects":true,"showParticleSystems":true},"in2DMode":false,"pivot":{"x":-50.38963317871094,"y":141.593017578125,"z":237.05958557128907},"rotation":{"x":-0.31285834312438967,"y":0.391065776348114,"z":-0.14333094656467439,"w":-0.853606641292572},"size":8.885429382324219,"orthographic":false}