{"cameraMode":{"drawMode":0,"name":"Shaded","section":"Shading Mode"},"sceneLighting":false,"audioPlay":false,"sceneViewState":{"showFog":true,"showMaterialUpdate":false,"showSkybox":false,"showFlares":true,"showImageEffects":true,"showParticleSystems":true},"in2DMode":false,"pivot":{"x":-0.39443936944007876,"y":1.542879343032837,"z":0.4033004343509674},"rotation":{"x":-0.04747035726904869,"y":0.950507640838623,"z":-0.246565580368042,"w":-0.1829979419708252},"size":5.707395553588867,"orthographic":false}