{"cameraMode":{"drawMode":0,"name":"Shaded","section":"Shading Mode"},"sceneLighting":true,"audioPlay":false,"sceneViewState":{"showFog":true,"showMaterialUpdate":false,"showSkybox":false,"showFlares":true,"showImageEffects":true,"showParticleSystems":true},"in2DMode":false,"pivot":{"x":1.0823161602020264,"y":2.573817253112793,"z":-9.988249778747559},"rotation":{"x":-0.12743417918682099,"y":0.8070864677429199,"z":-0.1888115406036377,"w":-0.5447240471839905},"size":1.8621768951416016,"orthographic":false}