{"cameraMode":{"drawMode":0,"name":"Shaded","section":"Shading Mode"},"sceneLighting":false,"audioPlay":false,"sceneViewState":{"showFog":true,"showMaterialUpdate":false,"showSkybox":false,"showFlares":true,"showImageEffects":true,"showParticleSystems":true},"in2DMode":false,"pivot":{"x":-0.7111929655075073,"y":1.3701457977294922,"z":0.11488193273544312},"rotation":{"x":0.014507648535072804,"y":-0.5050350427627564,"z":0.008490186184644699,"w":0.8629368543624878},"size":3.129112720489502,"orthographic":false}