{"cameraMode":{"drawMode":0,"name":"Shaded","section":"Shading Mode"},"sceneLighting":false,"audioPlay":false,"sceneViewState":{"showFog":true,"showMaterialUpdate":false,"showSkybox":false,"showFlares":true,"showImageEffects":true,"showParticleSystems":true},"in2DMode":false,"pivot":{"x":0.17191976308822633,"y":5.222303867340088,"z":0.2766385078430176},"rotation":{"x":-0.000616967212408781,"y":0.9962952733039856,"z":-0.08570219576358795,"w":-0.007172488607466221},"size":3.9383225440979006,"orthographic":false}