{"cameraMode":{"drawMode":0,"name":"Shaded","section":"Shading Mode"},"sceneLighting":false,"audioPlay":false,"sceneViewState":{"showFog":true,"showMaterialUpdate":false,"showSkybox":false,"showFlares":true,"showImageEffects":true,"showParticleSystems":true},"in2DMode":false,"pivot":{"x":-0.02886509895324707,"y":3.740863561630249,"z":-3.0382256507873537},"rotation":{"x":0.160092294216156,"y":0.01776246912777424,"z":-0.0028813411481678488,"w":0.9869397282600403},"size":3.632246494293213,"orthographic":false}