{"cameraMode":{"drawMode":0,"name":"Shaded","section":"Shading Mode"},"sceneLighting":false,"audioPlay":false,"sceneViewState":{"showFog":true,"showMaterialUpdate":false,"showSkybox":false,"showFlares":true,"showImageEffects":true,"showParticleSystems":true},"in2DMode":false,"pivot":{"x":1.616412878036499,"y":2.359384298324585,"z":0.8655188083648682},"rotation":{"x":-0.13405798375606538,"y":0.1103476732969284,"z":-0.015022916719317437,"w":-0.9846963286399841},"size":1.5267343521118165,"orthographic":false}