{"cameraMode":{"drawMode":0,"name":"Shaded","section":"Shading Mode"},"sceneLighting":true,"audioPlay":false,"sceneViewState":{"showFog":true,"showMaterialUpdate":false,"showSkybox":true,"showFlares":true,"showImageEffects":true,"showParticleSystems":true},"in2DMode":false,"pivot":{"x":-959.8200073242188,"y":0.9864862561225891,"z":887.7525024414063},"rotation":{"x":0.09767581522464752,"y":0.5471586585044861,"z":-0.06448360532522202,"w":0.8288072347640991},"size":2.0419600009918215,"orthographic":false}