{"cameraMode":{"drawMode":0,"name":"Shaded","section":"Shading Mode"},"sceneLighting":false,"audioPlay":false,"sceneViewState":{"showFog":true,"showMaterialUpdate":false,"showSkybox":false,"showFlares":true,"showImageEffects":true,"showParticleSystems":true},"in2DMode":false,"pivot":{"x":-0.8245868682861328,"y":13.511789321899414,"z":1068.7198486328125},"rotation":{"x":0.2955566942691803,"y":-0.040112223476171496,"z":0.012421773746609688,"w":0.9544064998626709},"size":11.949431419372559,"orthographic":false}