{"cameraMode":{"drawMode":0,"name":"Shaded","section":"Shading Mode"},"sceneLighting":false,"audioPlay":false,"sceneViewState":{"showFog":true,"showMaterialUpdate":false,"showSkybox":false,"showFlares":true,"showImageEffects":true,"showParticleSystems":true},"in2DMode":false,"pivot":{"x":-4.555164337158203,"y":1.30461847782135,"z":-1.6922328472137452},"rotation":{"x":0.152135968208313,"y":0.16082149744033814,"z":-0.02509748563170433,"w":0.974865198135376},"size":2.1579227447509767,"orthographic":false}