{"cameraMode":{"drawMode":0,"name":"Shaded","section":"Shading Mode"},"sceneLighting":false,"audioPlay":false,"sceneViewState":{"showFog":true,"showMaterialUpdate":false,"showSkybox":false,"showFlares":true,"showImageEffects":true,"showParticleSystems":true},"in2DMode":false,"pivot":{"x":-2.068889617919922,"y":0.5600376129150391,"z":-2.704350471496582},"rotation":{"x":0.3541727066040039,"y":-0.22671332955360413,"z":0.08892925828695297,"w":0.9029195308685303},"size":10.0,"orthographic":false}