{"cameraMode":{"drawMode":0,"name":"Shaded","section":"Shading Mode"},"sceneLighting":true,"audioPlay":false,"sceneViewState":{"showFog":true,"showMaterialUpdate":false,"showSkybox":false,"showFlares":true,"showImageEffects":true,"showParticleSystems":true},"in2DMode":false,"pivot":{"x":-0.19161906838417054,"y":1.329620122909546,"z":-11.606191635131836},"rotation":{"x":-0.004184127319604158,"y":0.9858080148696899,"z":-0.16598527133464814,"w":-0.02484697662293911},"size":7.261399269104004,"orthographic":false}