{"cameraMode":{"drawMode":0,"name":"Shaded","section":"Shading Mode"},"sceneLighting":false,"audioPlay":false,"sceneViewState":{"showFog":true,"showMaterialUpdate":false,"showSkybox":false,"showFlares":true,"showImageEffects":true,"showParticleSystems":true},"in2DMode":false,"pivot":{"x":-0.4315119981765747,"y":4.418124198913574,"z":0.5706996917724609},"rotation":{"x":-0.025805188342928888,"y":-0.9602140784263611,"z":0.26142048835754397,"w":-0.09478482604026795},"size":5.066025733947754,"orthographic":false}