{"cameraMode":{"drawMode":0,"name":"Shaded","section":"Shading Mode"},"sceneLighting":false,"audioPlay":false,"sceneViewState":{"showFog":true,"showMaterialUpdate":false,"showSkybox":false,"showFlares":true,"showImageEffects":true,"showParticleSystems":true},"in2DMode":false,"pivot":{"x":1.1166095733642579,"y":3.621318817138672,"z":1.5579242706298829},"rotation":{"x":-0.1961548626422882,"y":-0.4764420986175537,"z":0.1099536120891571,"w":-0.8499626517295837},"size":11.392335891723633,"orthographic":false}