{"cameraMode":{"drawMode":0,"name":"Shaded","section":"Shading Mode"},"sceneLighting":true,"audioPlay":false,"sceneViewState":{"showFog":true,"showMaterialUpdate":false,"showSkybox":true,"showFlares":true,"showImageEffects":true,"showParticleSystems":true},"in2DMode":false,"pivot":{"x":8.74277400970459,"y":3.3937430381774904,"z":1083.4794921875},"rotation":{"x":-0.3028205931186676,"y":-0.13323703408241273,"z":0.042798396199941638,"w":-0.9427185654640198},"size":3.724747896194458,"orthographic":false}