{"cameraMode":{"drawMode":0,"name":"Shaded","section":"Shading Mode"},"sceneLighting":false,"audioPlay":false,"sceneViewState":{"showFog":true,"showMaterialUpdate":false,"showSkybox":false,"showFlares":true,"showImageEffects":true,"showParticleSystems":true},"in2DMode":false,"pivot":{"x":919.9555053710938,"y":312.21722412109377,"z":316.33673095703127},"rotation":{"x":-0.05149948224425316,"y":-0.9474623203277588,"z":0.1992812603712082,"w":-0.24484917521476746},"size":435.4723205566406,"orthographic":false}