{"cameraMode":{"drawMode":0,"name":"Shaded","section":"Shading Mode"},"sceneLighting":true,"audioPlay":false,"sceneViewState":{"showFog":true,"showMaterialUpdate":false,"showSkybox":true,"showFlares":true,"showImageEffects":true,"showParticleSystems":true},"in2DMode":false,"pivot":{"x":-959.0433959960938,"y":2.2858762741088869,"z":895.9916381835938},"rotation":{"x":-0.0354267917573452,"y":0.9637171626091003,"z":-0.16523972153663636,"w":-0.2066173404455185},"size":1.5573928356170655,"orthographic":false}