{"cameraMode":{"drawMode":0,"name":"Shaded","section":"Shading Mode"},"sceneLighting":false,"audioPlay":false,"sceneViewState":{"showFog":true,"showMaterialUpdate":false,"showSkybox":false,"showFlares":true,"showImageEffects":true,"showParticleSystems":true},"in2DMode":false,"pivot":{"x":-0.9503583908081055,"y":2.2412314414978029,"z":-9.46249008178711},"rotation":{"x":-0.0354267917573452,"y":0.9637171626091003,"z":-0.16523972153663636,"w":-0.2066173404455185},"size":9.699484825134278,"orthographic":false}