{"cameraMode":{"drawMode":0,"name":"Shaded","section":"Shading Mode"},"sceneLighting":true,"audioPlay":false,"sceneViewState":{"showFog":true,"showMaterialUpdate":false,"showSkybox":true,"showFlares":true,"showImageEffects":true,"showParticleSystems":true},"in2DMode":false,"pivot":{"x":-195.64639282226563,"y":456.4154052734375,"z":657.3715209960938},"rotation":{"x":-0.1475217044353485,"y":-0.09863252192735672,"z":0.014808423817157746,"w":-0.984032928943634},"size":508.8639221191406,"orthographic":false}