{"cameraMode":{"drawMode":0,"name":"Shaded","section":"Shading Mode"},"sceneLighting":true,"audioPlay":false,"sceneViewState":{"showFog":true,"showMaterialUpdate":false,"showSkybox":true,"showFlares":true,"showImageEffects":true,"showParticleSystems":true},"in2DMode":false,"pivot":{"x":2.1719534397125246,"y":-0.6751456260681152,"z":976.9099731445313},"rotation":{"x":-0.20990562438964845,"y":-0.5571274757385254,"z":0.14811281859874726,"w":-0.7897103428840637},"size":2.794593572616577,"orthographic":false}