{"cameraMode":{"drawMode":0,"name":"Shaded","section":"Shading Mode"},"sceneLighting":true,"audioPlay":false,"sceneViewState":{"showFog":true,"showMaterialUpdate":false,"showSkybox":true,"showFlares":true,"showImageEffects":true,"showParticleSystems":true},"in2DMode":false,"pivot":{"x":189.929931640625,"y":305.4165344238281,"z":32.9268798828125},"rotation":{"x":-0.11996573954820633,"y":0.030374625697731973,"z":-0.0036504026502370836,"w":-0.9923222661018372},"size":508.8639221191406,"orthographic":false}