{"cameraMode":{"drawMode":0,"name":"Shaded","section":"Shading Mode"},"sceneLighting":false,"audioPlay":false,"sceneViewState":{"showFog":true,"showMaterialUpdate":false,"showSkybox":false,"showFlares":true,"showImageEffects":true,"showParticleSystems":true},"in2DMode":false,"pivot":{"x":-6.944249153137207,"y":1.7354249954223633,"z":-1.698045253753662},"rotation":{"x":-0.06525494903326035,"y":0.17333124577999116,"z":-0.011506874114274979,"w":-0.9826408624649048},"size":2.674245595932007,"orthographic":false}