{"cameraMode":{"drawMode":0,"name":"Shaded","section":"Shading Mode"},"sceneLighting":false,"audioPlay":false,"sceneViewState":{"showFog":true,"showMaterialUpdate":false,"showSkybox":false,"showFlares":true,"showImageEffects":true,"showParticleSystems":true},"in2DMode":false,"pivot":{"x":0.0011774301528930665,"y":1.1499563455581666,"z":0.0},"rotation":{"x":-0.5568898916244507,"y":0.17419308423995973,"z":-0.1207934245467186,"w":-0.8030837178230286},"size":1.6966238021850587,"orthographic":false}