{"cameraMode":{"drawMode":0,"name":"Shaded","section":"Shading Mode"},"sceneLighting":false,"audioPlay":false,"sceneViewState":{"showFog":true,"showMaterialUpdate":false,"showSkybox":false,"showFlares":true,"showImageEffects":true,"showParticleSystems":true},"in2DMode":false,"pivot":{"x":1.4628615379333497,"y":1.181342363357544,"z":5.014430522918701},"rotation":{"x":-0.210844486951828,"y":0.5521329045295715,"z":-0.1467668116092682,"w":-0.7931921482086182},"size":3.3013858795166017,"orthographic":false}