{"cameraMode":{"drawMode":0,"name":"Shaded","section":"Shading Mode"},"sceneLighting":true,"audioPlay":false,"sceneViewState":{"showFog":true,"showMaterialUpdate":false,"showSkybox":false,"showFlares":true,"showImageEffects":true,"showParticleSystems":true},"in2DMode":false,"pivot":{"x":-0.9155752658843994,"y":-0.6557475328445435,"z":2.8255937099456789},"rotation":{"x":-0.15033277869224549,"y":0.36200717091560366,"z":-0.059278614819049838,"w":-0.9180619120597839},"size":2.6333463191986086,"orthographic":false}