{"cameraMode":{"drawMode":0,"name":"Shaded","section":"Shading Mode"},"sceneLighting":false,"audioPlay":false,"sceneViewState":{"showFog":true,"showMaterialUpdate":false,"showSkybox":false,"showFlares":true,"showImageEffects":true,"showParticleSystems":true},"in2DMode":false,"pivot":{"x":0.3816013038158417,"y":4.789159297943115,"z":-1.58380126953125},"rotation":{"x":-0.002464327495545149,"y":0.9823303818702698,"z":-0.18669132888317109,"w":-0.012966442853212357},"size":8.574559211730957,"orthographic":false}