{"cameraMode":{"drawMode":0,"name":"Shaded","section":"Shading Mode"},"sceneLighting":false,"audioPlay":false,"sceneViewState":{"showFog":true,"showMaterialUpdate":false,"showSkybox":false,"showFlares":true,"showImageEffects":true,"showParticleSystems":true},"in2DMode":false,"pivot":{"x":-0.0004388093948364258,"y":1.5070650577545167,"z":-0.06843245029449463},"rotation":{"x":-0.09111931920051575,"y":0.5834696888923645,"z":-0.06610162556171417,"w":-0.804296612739563},"size":2.596867561340332,"orthographic":false}