{"cameraMode":{"drawMode":0,"name":"Shaded","section":"Shading Mode"},"sceneLighting":true,"audioPlay":false,"sceneViewState":{"showFog":true,"showMaterialUpdate":false,"showSkybox":true,"showFlares":true,"showImageEffects":true,"showParticleSystems":true},"in2DMode":false,"pivot":{"x":-14.381181716918946,"y":4.583306312561035,"z":1095.182373046875},"rotation":{"x":-0.09111931920051575,"y":0.5834696888923645,"z":-0.06610162556171417,"w":-0.804296612739563},"size":17.020231246948243,"orthographic":false}