{"cameraMode":{"drawMode":0,"name":"Shaded","section":"Shading Mode"},"sceneLighting":false,"audioPlay":false,"sceneViewState":{"showFog":true,"showMaterialUpdate":false,"showSkybox":false,"showFlares":true,"showImageEffects":true,"showParticleSystems":true},"in2DMode":false,"pivot":{"x":1.4490000009536744,"y":0.6017709970474243,"z":1.8148868083953858},"rotation":{"x":0.11369688808917999,"y":-0.03129038214683533,"z":0.00358263636007905,"w":0.9930164813995361},"size":0.8310238718986511,"orthographic":false}