{"cameraMode":{"drawMode":0,"name":"Shaded","section":"Shading Mode"},"sceneLighting":false,"audioPlay":false,"sceneViewState":{"showFog":true,"showMaterialUpdate":false,"showSkybox":false,"showFlares":true,"showImageEffects":true,"showParticleSystems":true},"in2DMode":false,"pivot":{"x":-4.995810508728027,"y":0.6938624382019043,"z":1.8159410953521729},"rotation":{"x":-0.04103599488735199,"y":0.9168376326560974,"z":-0.3849337100982666,"w":-0.09773898124694824},"size":1.3593425750732422,"orthographic":false}