{"cameraMode":{"drawMode":0,"name":"Shaded","section":"Shading Mode"},"sceneLighting":false,"audioPlay":false,"sceneViewState":{"showFog":true,"showMaterialUpdate":false,"showSkybox":false,"showFlares":true,"showImageEffects":true,"showParticleSystems":true},"in2DMode":false,"pivot":{"x":-0.09150795638561249,"y":0.22275668382644654,"z":0.11116909980773926},"rotation":{"x":-0.03756193071603775,"y":0.9483108520507813,"z":-0.2902326285839081,"w":-0.12272925674915314},"size":1.0223746299743653,"orthographic":false}