{"cameraMode":{"drawMode":0,"name":"Shaded","section":"Shading Mode"},"sceneLighting":false,"audioPlay":false,"sceneViewState":{"showFog":true,"showMaterialUpdate":false,"showSkybox":false,"showFlares":true,"showImageEffects":true,"showParticleSystems":true},"in2DMode":false,"pivot":{"x":-3.4962422847747804,"y":0.5825788974761963,"z":1.334424376487732},"rotation":{"x":-0.04103599488735199,"y":0.9168376326560974,"z":-0.3849337100982666,"w":-0.09773898124694824},"size":0.4417044520378113,"orthographic":false}