{"cameraMode":{"drawMode":0,"name":"Shaded","section":"Shading Mode"},"sceneLighting":false,"audioPlay":false,"sceneViewState":{"showFog":true,"showMaterialUpdate":false,"showSkybox":false,"showFlares":true,"showImageEffects":true,"showParticleSystems":true},"in2DMode":false,"pivot":{"x":-2.284400463104248,"y":0.2987891435623169,"z":1.7511694431304932},"rotation":{"x":0.11369688808917999,"y":-0.03129038214683533,"z":0.00358263636007905,"w":0.9930164813995361},"size":0.6940188407897949,"orthographic":false}