{"cameraMode":{"drawMode":0,"name":"Shaded","section":"Shading Mode"},"sceneLighting":false,"audioPlay":false,"sceneViewState":{"showFog":true,"showMaterialUpdate":false,"showSkybox":false,"showFlares":true,"showImageEffects":true,"showParticleSystems":true},"in2DMode":false,"pivot":{"x":0.20583316683769227,"y":0.18978601694107057,"z":1.6984426975250245},"rotation":{"x":0.11369688808917999,"y":-0.03129038214683533,"z":0.00358263636007905,"w":0.9930164813995361},"size":0.4755842089653015,"orthographic":false}