{"cameraMode":{"drawMode":0,"name":"Shaded","section":"Shading Mode"},"sceneLighting":true,"audioPlay":false,"sceneViewState":{"showFog":true,"showMaterialUpdate":false,"showSkybox":true,"showFlares":true,"showImageEffects":true,"showParticleSystems":true},"in2DMode":false,"pivot":{"x":-4.931751251220703,"y":2.0580062866210939,"z":20.55522918701172},"rotation":{"x":-0.21959425508975984,"y":0.2588716447353363,"z":-0.06056108698248863,"w":-0.9386674165725708},"size":24.117137908935548,"orthographic":false}