{"cameraMode":{"drawMode":0,"name":"Shaded","section":"Shading Mode"},"sceneLighting":false,"audioPlay":false,"sceneViewState":{"showFog":true,"showMaterialUpdate":false,"showSkybox":false,"showFlares":true,"showImageEffects":true,"showParticleSystems":true},"in2DMode":false,"pivot":{"x":-2.0814528465270998,"y":0.9281349182128906,"z":0.2805294990539551},"rotation":{"x":0.33532652258872988,"y":-0.015543743036687374,"z":0.00553336925804615,"w":0.9419580698013306},"size":2.7634999752044679,"orthographic":false}