{"cameraMode":{"drawMode":0,"name":"Shaded","section":"Shading Mode"},"sceneLighting":false,"audioPlay":false,"sceneViewState":{"showFog":true,"showMaterialUpdate":false,"showSkybox":false,"showFlares":true,"showImageEffects":true,"showParticleSystems":true},"in2DMode":false,"pivot":{"x":0.16810959577560426,"y":1.351738691329956,"z":2.6946918964385988},"rotation":{"x":0.010739936493337155,"y":0.9460030198097229,"z":-0.3224447965621948,"w":0.03151010349392891},"size":1.5689454078674317,"orthographic":false}