{"cameraMode":{"drawMode":0,"name":"Shaded","section":"Shading Mode"},"sceneLighting":false,"audioPlay":false,"sceneViewState":{"showFog":true,"showMaterialUpdate":false,"showSkybox":false,"showFlares":true,"showImageEffects":true,"showParticleSystems":true},"in2DMode":false,"pivot":{"x":2.530454158782959,"y":1.8458666801452637,"z":2.674226760864258},"rotation":{"x":-0.24673502147197724,"y":-0.0008749337284825742,"z":0.0002227352961199358,"w":-0.9690827131271362},"size":3.040508270263672,"orthographic":false}