{"cameraMode":{"drawMode":0,"name":"Shaded","section":"Shading Mode"},"sceneLighting":false,"audioPlay":false,"sceneViewState":{"showFog":true,"showMaterialUpdate":false,"showSkybox":false,"showFlares":true,"showImageEffects":true,"showParticleSystems":true},"in2DMode":false,"pivot":{"x":-3.3188552856445314,"y":0.5546162128448486,"z":1.4844183921813965},"rotation":{"x":0.010739936493337155,"y":0.9460030198097229,"z":-0.3224447965621948,"w":0.03151010349392891},"size":1.5940189361572266,"orthographic":false}