{"cameraMode":{"drawMode":0,"name":"Shaded","section":"Shading Mode"},"sceneLighting":false,"audioPlay":false,"sceneViewState":{"showFog":true,"showMaterialUpdate":false,"showSkybox":false,"showFlares":true,"showImageEffects":true,"showParticleSystems":true},"in2DMode":false,"pivot":{"x":1.4490000009536744,"y":0.6017709970474243,"z":1.8148868083953858},"rotation":{"x":0.010739936493337155,"y":0.9460030198097229,"z":-0.3224447965621948,"w":0.03151010349392891},"size":0.8310238718986511,"orthographic":false}