{"cameraMode":{"drawMode":0,"name":"Shaded","section":"Shading Mode"},"sceneLighting":false,"audioPlay":false,"sceneViewState":{"showFog":true,"showMaterialUpdate":false,"showSkybox":false,"showFlares":true,"showImageEffects":true,"showParticleSystems":true},"in2DMode":false,"pivot":{"x":-4.097525596618652,"y":0.21313142776489259,"z":0.8207948207855225},"rotation":{"x":0.005536528769880533,"y":0.8584293723106384,"z":-0.5128191113471985,"w":0.009268326684832573},"size":3.1379950046539308,"orthographic":false}