{"cameraMode":{"drawMode":0,"name":"Shaded","section":"Shading Mode"},"sceneLighting":true,"audioPlay":false,"sceneViewState":{"showFog":true,"showMaterialUpdate":false,"showSkybox":true,"showFlares":true,"showImageEffects":true,"showParticleSystems":true},"in2DMode":false,"pivot":{"x":8.257801055908204,"y":-11.220129013061524,"z":0.4588170051574707},"rotation":{"x":-0.5714849233627319,"y":0.10199537128210068,"z":-0.07186641544103623,"w":-0.8110719919204712},"size":10.0,"orthographic":false}