{"cameraMode":{"drawMode":0,"name":"Shaded","section":"Shading Mode"},"sceneLighting":true,"audioPlay":false,"sceneViewState":{"showFog":true,"showMaterialUpdate":false,"showSkybox":true,"showFlares":true,"showImageEffects":true,"showParticleSystems":true},"in2DMode":false,"pivot":{"x":-0.2634369134902954,"y":5.510973930358887,"z":6.6090850830078129},"rotation":{"x":0.1820717602968216,"y":0.2105678766965866,"z":-0.03995078057050705,"w":0.9596436619758606},"size":-1.4419834613800049,"orthographic":false}