{"cameraMode":{"drawMode":0,"name":"Shaded","section":"Shading Mode"},"sceneLighting":false,"audioPlay":false,"sceneViewState":{"showFog":true,"showMaterialUpdate":false,"showSkybox":false,"showFlares":true,"showImageEffects":true,"showParticleSystems":true},"in2DMode":false,"pivot":{"x":-7.708981990814209,"y":0.5299999713897705,"z":18.940000534057618},"rotation":{"x":0.15962761640548707,"y":0.0473644994199276,"z":-0.007668389938771725,"w":0.986011266708374},"size":0.6127299070358276,"orthographic":false}