{"cameraMode":{"drawMode":0,"name":"Shaded","section":"Shading Mode"},"sceneLighting":true,"audioPlay":false,"sceneViewState":{"showFog":true,"showMaterialUpdate":false,"showSkybox":false,"showFlares":true,"showImageEffects":true,"showParticleSystems":true},"in2DMode":false,"pivot":{"x":0.3540000915527344,"y":3.489000082015991,"z":-9.817001342773438},"rotation":{"x":0.1820717602968216,"y":0.2105678766965866,"z":-0.03995078057050705,"w":0.9596436619758606},"size":12.124356269836426,"orthographic":false}