{"cameraMode":{"drawMode":0,"name":"Shaded","section":"Shading Mode"},"sceneLighting":true,"audioPlay":false,"sceneViewState":{"showFog":true,"showMaterialUpdate":false,"showSkybox":true,"showFlares":true,"showImageEffects":true,"showParticleSystems":true},"in2DMode":false,"pivot":{"x":374.6345520019531,"y":307.70489501953127,"z":83.30615234375},"rotation":{"x":0.15962761640548707,"y":0.0473644994199276,"z":-0.007668389938771725,"w":0.986011266708374},"size":832.5506591796875,"orthographic":false}