{"cameraMode":{"drawMode":0,"name":"Shaded","section":"Shading Mode"},"sceneLighting":false,"audioPlay":false,"sceneViewState":{"showFog":true,"showMaterialUpdate":false,"showSkybox":false,"showFlares":true,"showImageEffects":true,"showParticleSystems":true},"in2DMode":false,"pivot":{"x":-0.020654916763305665,"y":3.6223855018615724,"z":-3.0382256507873537},"rotation":{"x":0.1820717602968216,"y":0.2105678766965866,"z":-0.03995078057050705,"w":0.9596436619758606},"size":7.370872974395752,"orthographic":false}