{"cameraMode":{"drawMode":0,"name":"Shaded","section":"Shading Mode"},"sceneLighting":false,"audioPlay":false,"sceneViewState":{"showFog":true,"showMaterialUpdate":false,"showSkybox":false,"showFlares":true,"showImageEffects":true,"showParticleSystems":true},"in2DMode":false,"pivot":{"x":17.629871368408204,"y":0.5081334114074707,"z":1085.5877685546875},"rotation":{"x":0.062440816313028339,"y":-0.6503736972808838,"z":0.05377662926912308,"w":0.7551333904266357},"size":7.147261619567871,"orthographic":false}