{"cameraMode":{"drawMode":0,"name":"Shaded","section":"Shading Mode"},"sceneLighting":true,"audioPlay":false,"sceneViewState":{"showFog":true,"showMaterialUpdate":false,"showSkybox":true,"showFlares":true,"showImageEffects":true,"showParticleSystems":true},"in2DMode":false,"pivot":{"x":-4.552008628845215,"y":3.062035083770752,"z":1088.1480712890625},"rotation":{"x":0.37892499566078188,"y":-0.5016157627105713,"z":0.259236603975296,"w":0.7332096695899963},"size":9.566962242126465,"orthographic":false}