{"cameraMode":{"drawMode":0,"name":"Shaded","section":"Shading Mode"},"sceneLighting":false,"audioPlay":false,"sceneViewState":{"showFog":true,"showMaterialUpdate":false,"showSkybox":false,"showFlares":true,"showImageEffects":true,"showParticleSystems":true},"in2DMode":false,"pivot":{"x":-5.025864601135254,"y":0.1773797869682312,"z":1.7555484771728516},"rotation":{"x":0.15962761640548707,"y":0.0473644994199276,"z":-0.007668389938771725,"w":0.986011266708374},"size":0.4406573474407196,"orthographic":false}