{"cameraMode":{"drawMode":0,"name":"Shaded","section":"Shading Mode"},"sceneLighting":false,"audioPlay":false,"sceneViewState":{"showFog":true,"showMaterialUpdate":false,"showSkybox":false,"showFlares":true,"showImageEffects":true,"showParticleSystems":true},"in2DMode":false,"pivot":{"x":-0.4120919704437256,"y":-0.2765378952026367,"z":1.8787288665771485},"rotation":{"x":0.24926935136318208,"y":0.02323964796960354,"z":-0.0059837293811142448,"w":0.9681392312049866},"size":3.6634998321533205,"orthographic":false}