{"cameraMode":{"drawMode":0,"name":"Shaded","section":"Shading Mode"},"sceneLighting":false,"audioPlay":false,"sceneViewState":{"showFog":true,"showMaterialUpdate":false,"showSkybox":false,"showFlares":true,"showImageEffects":true,"showParticleSystems":true},"in2DMode":false,"pivot":{"x":0.0005140900611877441,"y":1.1497206687927247,"z":-0.05684308707714081},"rotation":{"x":0.400613933801651,"y":0.17020268738269807,"z":-0.07600798457860947,"w":0.8970858454704285},"size":1.892575979232788,"orthographic":false}