{"cameraMode":{"drawMode":0,"name":"Shaded","section":"Shading Mode"},"sceneLighting":true,"audioPlay":false,"sceneViewState":{"showFog":true,"showMaterialUpdate":false,"showSkybox":true,"showFlares":true,"showImageEffects":true,"showParticleSystems":true},"in2DMode":false,"pivot":{"x":2.3794772818774847e-9,"y":0.4532844126224518,"z":0.013119413517415524},"rotation":{"x":0.400613933801651,"y":0.17020268738269807,"z":-0.07600798457860947,"w":0.8970858454704285},"size":0.453474223613739,"orthographic":false}